Name,ID
Taylor Swift,1
Aaron Dessner,2
Max Martin,3
Shellback,4
Louis Bell,5
Frank Dukes,6
Liz Rose,7
Tom Petty,8
Jack Antonoff,9
Patrick Monahan,10
Kendrick Lamar,11
Andrew Lloyd Webber,12
Donna Weiss,13
Jackie DeShannon,14
William Bowery,15
Stephony Smith,16
Bobby Ray Simmons, Jr.,17
Ammar Malik,18
Lukasz Gottwald,19
Henry Walter,20
Colbie Caillat,21
Kevin Griffin,22
Nathan Chapman,23
Imogen Heap,24
Dan Wilson,25
Robert Ellis Orrall,26
St. Vincent,27
Oscar Holter,28
Charlie Colin,29
Rob Hotchkiss,30
Jimmy Stafford,31
Pat Monahan,32
Scott Underwood,33
Ed Sheeran,34
Nayvadius Wilburn,35
Justin Vernon,36
Hillary Lindsey,37
John Mayer,38
Mark Irwin,39
Josh Kear,40
Brad Warren,41
Brett Warren,42
Blu Sanders,43
Sam Dew,44
Ryan Tedder,45
Freddie Perren,46
Deke Richards,47
Berry Gordy, Jr.,48
Alphonso Mizell,49
Martin Johnson,50
Angelo Petraglia,51
TBA,52
George Michael,53
Gary Lightbody,54
Jacknife Lee,55
Paula Fernandes,56
Cautious Clay,57
Sounwave,58
Fred Fairbrass,59
Richard Fairbrass,60
Rob Manzoli,61
Shawn Mendes,62
Scott Harris,63
T. S. Eliot,64
Joel Little,65
Brian Maher,66
Brendon Urie,67
Brett James,68
Troy Verges,69
Ali Payami,70
Maya Thompson,71
Joy Williams,72
John Paul White,73
T-Bone Burnett,74
Joan Javits,75
Philip Springer,76
Tony Springer,77
Maurice White,78
Al McKay,79
Allee Willis,80
Josef Mohr,81
Franz Xaver Gruber,82
Oscar G�rres,83
Christopher Tricky Stewart,84
Terius Dream Nash,85
Thaddis Harrell,86
Shawn Carter,87
Cary Barlowe,88
Nathan Barlowe,89
Tommy Lee James,90
John Rich,91
Irving Berlin,92
