Name,Year,ID
The 1,2020,1
22,2012,2
Afterglow,2019,3
All Too Well,2012,4
All You Had to Do Was Stay,2014,5
American Girl (cover),2009,6
The Archer,2019,7
August,2020,8
Babe,2018,9
Back to December,2010,10
Bad Blood (album version),2014,11
Bad Blood (remixed single version),2015,12
Beautiful Eyes,2008,13
Beautiful Ghosts,2019,14
Begin Again,2012,15
The Best Day,2008,16
Bette Davis Eyes (live cover),2011,17
Better than Revenge,2010,18
Betty,2020,19
Big Star (Live),2017,20
Blank Space,2014,21
Both of Us,2012,22
Breathe,2008,23
Breathless (cover),2010,24
Call It What You Want,2017,25
Cardigan,2020,26
Change,2008,27
Christmas Must Be Something More,2007,28
Christmas Tree Farm,2019,29
Christmases When You Were Mine,2007,30
Clean,2014,31
Cold as You,2006,32
Come Back... Be Here,2012,33
Come in with the Rain,2009,34
Cornelia Street,2019,35
Crazier,2009,36
Cruel Summer,2019,37
Dancing with Our Hands Tied,2017,38
Daylight,2019,39
Death by a Thousand Cuts,2019,40
Dear John,2010,41
Delicate,2017,42
Don't Blame Me,2017,43
Dress,2017,44
Drops of Jupiter (live cover),2011,45
Enchanted,2010,46
End Game,2017,47
Epiphany,2020,48
Everything Has Changed,2012,49
Exile,2020,50
Eyes Open,2012,51
False God,2019,52
Fearless,2008,53
Fifteen,2008,54
Forever & Always,2008,55
Forever & Always (piano version),2009,56
Getaway Car,2017,57
Girl at Home,2012,58
Gorgeous,2017,59
Half of My Heart (album version),2009,60
Haunted,2010,61
Hey Stephen,2008,62
Highway Don't Care,2013,63
Hoax,2020,64
Hold On (live cover),2007,65
Holy Ground,2012,66
How You Get the Girl,2014,67
I Almost Do,2012,68
I Did Something Bad,2017,69
I Don't Wanna Live Forever,2016,70
I Forgot That You Existed,2019,71
I Heart ?,2008,72
I Knew You Were Trouble,2012,73
I Know Places,2014,74
I Think He Knows,2019,75
I Want You Back (live cover),2011,76
I Wish You Would,2014,77
If This Was a Movie,2010,78
Illicit Affairs,2020,79
Innocent,2010,80
Invisible,2007,81
Invisible String,2020,82
It's Nice to Have a Friend,2019,83
I'd Lie,2006,84
I'm Only Me When I'm with You,2007,85
Jump Then Fall,2009,86
King of My Heart,2017,87
The Lakes,2020,88
Last Christmas (cover),2007,89
The Last Great American Dynasty,2020,90
Last Kiss,2010,91
The Last Time,2012,92
Long Live,2010,93
Long Live (single version),2012,94
London Boy,2019,95
Look What You Made Me Do,2017,96
Love Story,2008,97
Lover,2019,98
Lover (Remix),2019,99
The Lucky One,2012,100
Macavity (cover),2019,101
Mad Woman,2020,102
The Man,2019,103
Mary's Song (Oh My My My),2006,104
Me!,2019,105
Mean,2010,106
Mine,2010,107
Mirrorball,2020,108
Miss Americana & the Heartbreak Prince,2019,109
The Moment I Knew,2012,110
My Tears Ricochet,2020,111
Never Grow Up,2010,112
New Romantics,2014,113
New Year's Day,2017,114
Only the Young,2020,115
The Other Side of the Door,2009,116
Our Song,2006,117
Ours,2010,118
Out of the Woods,2014,119
The Outside,2006,120
Paper Rings,2019,121
Peace,2020,122
A Perfectly Good Heart,2007,123
Picture to Burn,2006,124
A Place in This World,2006,125
...Ready for It?,2017,126
Red,2012,127
Ronan,2012,128
Sad Beautiful Tragic,2012,129
Safe & Sound,2011,130
Santa Baby (cover),2007,131
September (cover),2018,132
Seven,2020,133
Shake It Off,2014,134
Should've Said No,2006,135
Silent Night (cover),2007,136
So It Goes...,2017,137
Soon You'll Get Better,2019,138
Sparks Fly,2010,139
Speak Now,2010,140
Starlight,2012,141
State of Grace,2012,142
Stay Beautiful,2006,143
Stay Stay Stay,2012,144
The Story of Us,2010,145
Style,2014,146
Superman,2010,147
Superstar,2009,148
Sweeter than Fiction,2013,149
Teardrops on My Guitar,2006,150
Tell Me Why,2008,151
This Is Me Trying,2020,152
This Is Why We Can't Have Nice Things,2017,153
This Love,2014,154
Tied Together with a Smile,2006,155
Tim McGraw,2006,156
Today Was a Fairytale,2010,157
Treacherous,2012,158
Two Is Better Than One,2009,159
Umbrella (live cover),2008,160
Untouchable,2009,161
The Way I Loved You,2008,162
We Are Never Ever Getting Back Together,2012,163
Welcome to New York,2014,164
White Christmas (cover),2007,165
White Horse,2008,166
Wildest Dreams,2014,167
Wonderland,2014,168
You Are in Love,2014,169
You Belong with Me,2008,170
You Need to Calm Down,2019,171
You're Not Sorry,2008,172
