Name,Edition,ID
Folklore,,1
Red,,2
Lover,,3
1989,,4
Bigger,,5
Speak Now,,6
Beautiful Eyes,,7
Cats: Highlights from the Motion Picture Soundtrack,,8
Fearless,,9
Speak Now World Tour � Live,,10
Live in No Shoes Nation,,11
Strange Clouds,,12
Hope for Haiti Now,,13
Reputation,,14
AT&T Team USA Soundtrack,,15
Sounds of the Season,,16
Taylor Swift,,17
Red,(Deluxe edition),18
Fearless,(Platinum edition),19
Hannah Montana: The Movie,,20
The Hunger Games,,21
Battle Studies,,22
Two Lanes of Freedom,,23
Rhapsody Originals,,24
Fifty Shades Darker: Original Motion Picture Soundtrack,,25
Speak Now,(Deluxe edition),26
Taylor Swift,(Deluxe edition),27
Valentine's Day,,28
Folklore,(Physical Edition),29
1989,(Deluxe edition),30
Spotify Singles,,31
One Chance Soundtrack,,32
Love Drunk,,33
iTunes Live from SoHo,,34
